text,label,source,reviewed
เมื่อก่อนเลิกงานแล้วชอบแวะร้านหนังสือ เดี๋ยวนี้เดินผ่านก็ไม่รู้สึกอยากเข้าไปเลย,depression,ai_generated,true
ตลอดเดือนนี้ แค่เตรียมตัวไปทำงานก็ใช้แรงใจมาก กลับมามองชุดโมเดลที่เคยชอบก็ไม่อยากแตะ,depression,ai_generated,true
แม้เพื่อนจะชวนไปกินร้านโปรด เรากลับรู้สึกเฉย ๆ และอยากกลับห้อง,depression,ai_generated,true
ข้าพเจ้ารู้สึกหมดความสนใจในกิจกรรมที่เคยทำเป็นประจำต่อเนื่องมาหลายสัปดาห์,depression,ai_generated,true
เศร้ามาหลายสัปดาห์จนอาหารโปรดก็กินไม่ลง,depression,ai_generated,true
ช่วงนี้ฉันเศร้าจนงานบ้านเล็ก ๆ ค้างหลายวัน กว่าจะตัดสินใจเริ่มแต่ละอย่างก็ยาก,depression,ai_generated,true
ตื่นมาพร้อมความหม่นทุกเช้ามาหลายสัปดาห์ แม้ได้หยุดพักก็ไม่รู้สึกดีขึ้น,depression,ai_generated,true
ผลงานยังส่งทันทุกครั้ง แต่ข้างในกลับรู้สึกชาและไม่ภูมิใจอะไรเลย,depression,ai_generated,true
พอถึงวันหยุด เรานอนมองเพดานทั้งวัน ทั้งที่มีเรื่องที่เคยอยากทำเต็มไปหมด,depression,ai_generated,true
ลูกวางจอยเกมไว้ให้เหมือนทุกวัน แต่ฉันกลับไม่มีแรงเล่นและเศร้าอยู่เงียบ ๆ,depression,ai_generated,true
ระยะนี้ฉันสังเกตว่ากินได้น้อยลงและอ่านเอกสารงานไม่เข้าใจทั้งที่เคยทำได้,depression,ai_generated,true
ขณะทำขนมที่เคยชอบ ฉันอ่านสูตรไม่รู้เรื่องและวางมือเพราะไม่รู้สึกอยากทำต่อ,depression,ai_generated,true
แม่ถามว่าเป็นอะไร เราตอบไม่ถูก รู้แค่ว่าทุกอย่างดูหม่นไปหมดตั้งแต่ต้นเดือน,depression,ai_generated,true
เพลงโปรดที่เคยชอบ วันนี้ฟังแล้วชาไปหมด,depression,ai_generated,true
ข้าพเจ้าเศร้าต่อเนื่องและคิดช้าลง,depression,ai_generated,true
นัดเจอเพื่อนแล้วก็ยกเลิกบ่อย เพราะแค่แต่งตัวออกจากบ้านยังเหนื่อย,depression,ai_generated,true
ทั้งวันเหมือนมีผ้าห่มหนัก ๆ คลุมใจไว้ ไม่มีเหตุการณ์อะไรพิเศษแต่ก็เศร้า,depression,ai_generated,true
เขาชมงานที่เราทำ แต่คำชมไม่เข้าถึงใจเลย รู้สึกว่างเปล่าอยู่ดี,depression,ai_generated,true
นอนเต็มคืนแล้วก็ยังอ่อนเพลียจนเลิกเล่นดนตรีที่เคยรักไปหลายสัปดาห์,depression,ai_generated,true
วงซ้อมดนตรีขาดฉันไปสามครั้งแล้ว เพราะความเศร้าทำให้ไม่อยากพบใครหรือจับเครื่องดนตรี,depression,ai_generated,true
พอเข้านอน ฉันแอบหวังว่าการหลับครั้งนี้จะยาวไปเลยโดยไม่ต้องตื่น,risk_passive,ai_generated,true
ถ้าโรคที่เป็นอยู่ทำให้ชีวิตจบเอง เราคงไม่ขัดขืน แต่ไม่ได้คิดจะทำอะไรกับตัวเอง,risk_passive,ai_generated,true
หวังว่าชีวิตจะจบเองก่อนวัยเกษียณ,risk_passive,ai_generated,true
ข้าพเจ้าปรารถนาให้ชีวิตสิ้นสุดลงเอง มากกว่าต้องเผชิญวันพรุ่งนี้,risk_passive,ai_generated,true
ได้ยินข่าวคนจากไปแล้วเผลอคิดว่า ถ้าเป็นเราบ้างก็คงได้พักเสียที,risk_passive,ai_generated,true
ผลตรวจสุขภาพออกมาปกติ แต่ฉันกลับรู้สึกผิดหวัง เพราะไม่อยากมีชีวิตต่อไปนานนัก,risk_passive,ai_generated,true
ทุกครั้งที่กรอกแบบฟอร์มแผนระยะยาว ฉันแอบหวังว่าชีวิตคงสิ้นสุดเองก่อนถึงวันนั้น,risk_passive,ai_generated,true
เวลามีคนอวยพรให้อายุยืน ฉันได้แต่ยิ้ม ทั้งที่ในใจไม่อยากอยู่ไปถึงวันนั้น,risk_passive,ai_generated,true
ฉันไม่กลัวถ้าตัวเองจะจากไปตามธรรมชาติเร็ว ๆ นี้ กลับรู้สึกเหมือนจะได้พัก,risk_passive,ai_generated,true
เมื่อคิดถึงอนาคต ฉันไม่ได้อยากสร้างมันต่อ และแอบหวังว่าเวลาของตัวเองจะหมด,risk_passive,ai_generated,true
ได้บัตรเชิญงานแต่งปีหน้าแล้ว ฉันกลับหวังว่าจะจากโลกนี้ไปเองก่อนถึงวันงาน,risk_passive,ai_generated,true
ความคิดอยากปลิดชีพตนเองแทรกเข้ามาระหว่างทำงาน แม้ฉันยังไม่ได้กำหนดว่าจะทำอย่างไร,risk_suicidal_ideation,ai_generated,true
พออยู่คนเดียว หัวมันถามซ้ำ ๆ ว่าเราจะลงมือจบชีวิตตัวเองดีไหม,risk_suicidal_ideation,ai_generated,true
ฉันกลัวความคิดที่อยากปลิดชีพตัวเอง,risk_suicidal_ideation,ai_generated,true
เมื่อคืนฉันคิดถึงการทำให้ตัวเองตายอยู่หลายรอบจนต้องโทรหาเพื่อน,risk_suicidal_ideation,ai_generated,true
ระหว่างนั่งรถกลับบ้าน ฉันตกใจกับตัวเองที่เริ่มอยากลงมือฆ่าตัวตาย,risk_suicidal_ideation,ai_generated,true
ฉันเผลอบอกพี่ว่ากำลังคิดจะเอาชีวิตตัวเอง เพราะความคิดนั้นกลับมาทุกคืน,risk_suicidal_ideation,ai_generated,true
ช่วงนี้มีแรงกระตุ้นให้ปลิดชีวิตตัวเองเป็นพัก ๆ แต่ยังไม่ได้ตัดสินใจหรือเตรียมอะไร,risk_suicidal_ideation,ai_generated,true
ฉันบอกนักจิตวิทยาว่าคิดจะทำให้ชีวิตตัวเองสิ้นสุดลงบ่อยขึ้นในเดือนนี้,risk_suicidal_ideation,ai_generated,true
เมื่อถูกถามตรง ๆ ว่าคิดฆ่าตัวตายไหม คำตอบของฉันคือคิด และกลัวความคิดนี้มาก,risk_suicidal_ideation,ai_generated,true
งานก็ทำอยู่ แต่มีประโยคในหัวว่าควรจบชีวิตตัวเองคอยแทรกทุกชั่วโมง,risk_suicidal_ideation,ai_generated,true
ทุกครั้งที่ต้องเลือกว่าจะเรียนต่อไหม ใจกลับคิดถึงการยุติชีวิตด้วยมือตัวเองโดยยังไม่รู้ว่าจะทำอย่างไร,risk_suicidal_ideation,ai_generated,true
ความคิดว่าจะฆ่าตัวตายทำให้ฉันหลีกเลี่ยงการอยู่ลำพัง แม้ยังไม่ลงมือ,risk_suicidal_ideation,ai_generated,true
ผมเริ่มคิดอยากปลิดชีวิตตัวเอง เลยขอให้เพื่อนนั่งคุยจนความคิดนั้นเบาลง,risk_suicidal_ideation,ai_generated,true
ข้าพเจ้ามีความคิดต่อเนื่องเกี่ยวกับการยุติชีวิตด้วยตนเอง และต้องการความช่วยเหลือ,risk_suicidal_ideation,ai_generated,true
เพื่อนถามถึงอนาคต ฉันตอบว่าคิดจะปลิดชีพ,risk_suicidal_ideation,ai_generated,true
ผมตั้งใจจะฆ่าตัวตายในวันหยุดสัปดาห์หน้า และจัดตารางให้ไม่มีใครมาหาที่บ้านแล้ว,risk_suicide_plan,ai_generated,true
ข้าพเจ้ากำหนดวันไว้หลังส่งงานชิ้นสุดท้าย พร้อมจัดการเอกสารส่วนตัวเพื่อจบชีวิตตนเอง,risk_suicide_plan,ai_generated,true
เราเลือกวันหลังเรียนจบไว้แล้วว่าจะลงมือจบชีวิต และเริ่มยกเลิกนัดที่อยู่หลังวันนั้น,risk_suicide_plan,ai_generated,true
หลังเงินเดือนออกครั้งหน้า ฉันตั้งใจจะจบชีวิตและทยอยส่งคืนของที่ยืมเพื่อน,risk_suicide_plan,ai_generated,true
จองห้องไว้แล้ว จะปลิดชีพวันเสาร์หน้า,risk_suicide_plan,ai_generated,true
ข้าพเจ้าวางแผนยุติชีวิตตนเองในช่วงที่ครอบครัวเดินทางต่างจังหวัดเดือนหน้า,risk_suicide_plan,ai_generated,true
เราเลือกช่วงปลายเดือนเพื่อจบชีวิตไว้แล้ว เพราะต้องการสะสางบัญชีให้เรียบร้อยก่อน,risk_suicide_plan,ai_generated,true
มีแผนจะลงมือฆ่าตัวตายในวันครบรอบปีนี้ จึงเริ่มคืนกุญแจและของใช้ที่ยืมมา,risk_suicide_plan,ai_generated,true
ผมบันทึกวันกับสถานที่ที่จะปลิดชีพในเดือนหน้า และคืนตั๋วเดินทางที่อยู่หลังวันนั้น,risk_suicide_plan,ai_generated,true
ฉันกำหนดว่าจะจบชีวิตวันแรกของเดือนหน้า และทยอยลบภาระงานที่คนอื่นต้องรับต่อ,risk_suicide_plan,ai_generated,true
ช่วงปิดเทอมหน้า ฉันตั้งใจจะปลิดชีพตัวเอง จึงทยอยโอนงานกลุ่มให้เพื่อนก่อนถึงวันนั้น,risk_suicide_plan,ai_generated,true
ผมคิดขั้นตอนการจบชีวิตไว้ครบและเลือกวันที่อยู่คนเดียวในเดือนหน้าแล้ว,risk_suicide_plan,ai_generated,true
เลิกเช่าแล้ว กำหนดวันปลิดชีพเดือนหน้า,risk_suicide_plan,ai_generated,true
ฉันนัดฝากสัตว์เลี้ยงไว้กับญาติในอีกสองสัปดาห์ เพราะวางแผนยุติชีวิตหลังจากนั้นและเตรียมเอกสารดูแลมัน,risk_suicide_plan,ai_generated,true
หน้าห้องล็อกอยู่ ฉันกำลังจะฆ่าตัวตาย,risk_immediate_danger,ai_generated,true
ผมเริ่มทำร้ายตัวเองเพื่อให้ตายไปแล้ว กรุณาเรียกหน่วยฉุกเฉินมาที่นี่,risk_immediate_danger,ai_generated,true
ฉันอยู่ตรงจุดที่ตั้งใจจะจบชีวิตในนาทีนี้และกลัวว่าจะหยุดตัวเองไม่ได้,risk_immediate_danger,ai_generated,true
ข้าพเจ้ากำลังพยายามปลิดชีวิตตนเองอยู่ในขณะนี้ โปรดส่งความช่วยเหลือทันที,risk_immediate_danger,ai_generated,true
ฉันจะปลิดชีพเดี๋ยวนี้ พี่ช่วยมาหา,risk_immediate_danger,ai_generated,true
อีกไม่กี่นาทีผมจะลงมือฆ่าตัวตาย ผมอยู่คนเดียวและยังเดินออกมาไม่ได้,risk_immediate_danger,ai_generated,true
ฉันกำลังจะลงมือปลิดชีวิตตอนนี้ ช่วยโทรหาเพื่อนบ้านให้เคาะประตูห้องที,risk_immediate_danger,ai_generated,true
อีกครู่เดียวฉันตั้งใจจะจบชีวิตตรงนี้ และตอนนี้ไม่มีใครอยู่ด้วย,risk_immediate_danger,ai_generated,true
ฉันเพิ่งทำร้ายตัวเองโดยตั้งใจให้ตาย ตอนนี้พูดไม่ชัด โปรดเรียกรถพยาบาล,risk_immediate_danger,ai_generated,true
เพิ่งลงมือฆ่าตัวตาย โทรแจ้งฉุกเฉินที,risk_immediate_danger,ai_generated,true
ผมพยายามฆ่าตัวตายไปแล้วเมื่อสักครู่ และตอนนี้เริ่มรู้สึกตัวไม่ดี,risk_immediate_danger,ai_generated,true
หากเห็นข้อความนี้ช่วยมาหาฉันทันที ฉันกำลังลงมือทำร้ายตัวเองเพื่อจบชีวิต,risk_immediate_danger,ai_generated,true
ไม่ต้องรอถึงพรุ่งนี้ ผมกำลังจะฆ่าตัวตายตอนนี้และต้องการคนอยู่ข้าง ๆ,risk_immediate_danger,ai_generated,true
