text,label
อยากมีคนรับฟัง,listener
ขอคนคุยหน่อย,listener
อยากระบาย,listener
มีใครฟังเราไหม,listener
อยากเล่าให้ใครสักคนฟัง,listener
ขอพื้นที่ระบายหน่อย,listener
อยากคุยกับใครสักคน,listener
ช่วยฟังหน่อยได้ไหม,listener
อยากมีคนอยู่ข้างๆ,listener
แค่อยากให้มีคนเข้าใจ,listener
อยากพูดสิ่งที่อยู่ในใจ,listener
รู้สึกอัดอั้นมาก,listener
อยากระบายความรู้สึก,listener
ขอคนรับฟังเฉยๆก็พอ,listener
ไม่รู้จะเล่าให้ใครฟัง,listener
อยากมีคนฟังโดยไม่ตัดสิน,listener
ช่วยอยู่เป็นเพื่อนหน่อย,listener
อยากมีคนให้กำลังใจ,listener
เหงามาก อยากคุยด้วย,listener
รู้สึกโดดเดี่ยว อยากมีคนฟัง,listener
ขอระบายได้ไหม,listener
อยากมีคนเข้าใจความรู้สึก,listener
ช่วยรับฟังเราหน่อย,listener
รู้สึกแน่นในใจมาก,listener
อยากพูดออกมาบ้าง,listener
มีเรื่องอยากเล่า,listener
ช่วยฟังโดยไม่ด่าได้ไหม,listener
อยากมีใครสักคนอยู่ด้วย,listener
ขอคุยด้วยหน่อยนะ,listener

ช่วยแนะนำหน่อย,advice
ควรทำยังไงดี,advice
ขอคำปรึกษาหน่อย,advice
มีวิธีจัดการไหม,advice
อยากได้คำแนะนำ,advice
ไม่รู้จะแก้ปัญหายังไง,advice
ช่วยบอกทางหน่อย,advice
ควรเริ่มจากตรงไหนดี,advice
มีวิธีรับมือไหม,advice
อยากรู้ว่าควรทำยังไงต่อ,advice
ช่วยคิดหน่อยได้ไหม,advice
ไม่รู้จะตัดสินใจยังไง,advice
ควรพูดกับเขายังไงดี,advice
อยากได้มุมมองอื่น,advice
ช่วยแนะนำเรื่องชีวิตหน่อย,advice
มีวิธีลดความเครียดไหม,advice
ควรหยุดหรือไปต่อดี,advice
มีทางออกไหม,advice
อยากรู้ว่าควรเลือกอะไร,advice
ช่วยบอกทีว่าต้องทำยังไง,advice
อยากจัดการอารมณ์ตัวเอง,advice
ช่วยแนะนำการรับมือกับความเศร้าหน่อย,advice
ไม่รู้จะเริ่มแก้จากตรงไหน,advice
ช่วยสอนวิธีคิดบวกหน่อย,advice
มีวิธีฮีลใจไหม,advice
อยากได้แนวทางใช้ชีวิต,advice
ช่วยแนะนำวิธีจัดการความคิดหน่อย,advice
มีวิธีทำให้ดีขึ้นไหม,advice
ควรขอความช่วยเหลือจากใครดี,advice
มีขั้นตอนแก้ปัญหานี้ไหม,advice
ช่วยบอกวิธีที่ควรทำเป็นข้อๆหน่อย,advice
อยากรู้ว่าต้องเริ่มทำอะไรก่อน,advice
มีเทคนิคที่พอจะใช้ได้ไหม,advice
ช่วยแนะนำแผนการแก้ปัญหาหน่อย,advice
ควรจัดลำดับความสำคัญยังไงดี,advice
อยากรู้ทางเลือกที่พอจะทำได้,advice
มีวิธีที่คนอื่นเคยใช้ได้ผลไหม,advice

บอกเราหน่อยว่าเรายังทำได้อยู่,encouragement
อยากได้คนบอกว่าเราไม่ได้ล้มเหลว,encouragement
ช่วยบอกว่าสิ่งที่เราทำมามันมีค่า,encouragement
อยากรู้สึกว่ายังมีคนเชื่อในตัวเรา,encouragement
บอกเราทีว่าเรายังไม่แพ้,encouragement
อยากได้คนช่วยเติมแรงใจให้หน่อย,encouragement
บอกว่าสิ่งที่เราพยายามมันไม่สูญเปล่า,encouragement
อยากรู้สึกมีแรงฮึดสู้ต่ออีกครั้ง,encouragement
ขอกำลังใจหน่อย,encouragement
เหนื่อยมาก ขอพลังใจหน่อย,encouragement
ช่วยให้กำลังใจหน่อย,encouragement
อยากได้คำปลอบใจ,encouragement
รู้สึกท้อจัง,encouragement
ขอแรงฮึบหน่อย,encouragement
ไม่ไหวแล้ว ขอคำดีๆหน่อย,encouragement
ช่วยบอกว่าเราจะผ่านไปได้ไหม,encouragement
อยากได้กำลังใจตอนนี้มากๆ,encouragement
ช่วยปลอบหน่อยได้ไหม,encouragement
รู้สึกหมดแรงใจ,encouragement
ช่วยพูดอะไรดีๆให้ฟังหน่อย,encouragement
ขอคำพูดฮีลใจหน่อย,encouragement
อยากมีคนบอกว่ายังไหว,encouragement
วันนี้เหนื่อยมากเลย,encouragement
รู้สึกท้อมากๆ,encouragement
ไม่มีแรงสู้ต่อแล้ว,encouragement
ขอกำลังใจในการใช้ชีวิตหน่อย,encouragement
ช่วยบอกว่าเรามีค่าได้ไหม,encouragement
อยากได้คนปลอบใจ,encouragement
ขอคำพูดที่ทำให้รู้สึกดีขึ้นหน่อย,encouragement
รู้สึกแย่มากตอนนี้,encouragement
ช่วยอยู่ข้างๆหน่อย,encouragement
ขอคำพูดอ่อนโยนหน่อย,encouragement
อยากได้พลังบวก,encouragement
วันนี้ใจไม่ค่อยดีเลย,encouragement
ขอคนที่เข้าใจหน่อย,encouragement
รู้สึกเหมือนจะไม่ไหวแล้ว,encouragement
ช่วยบอกว่าเราสำคัญหน่อย,encouragement
อยากได้ความอบอุ่นทางใจ,encouragement

อยากสงบสติอารมณ์,calming
ช่วยให้ใจเย็นหน่อย,calming
ตอนนี้ใจสั่นมาก,calming
ช่วยให้เราสงบหน่อย,calming
กำลังแพนิคอยู่,calming
หายใจไม่ทั่วท้องเลย,calming
รู้สึกควบคุมตัวเองไม่ได้,calming
ช่วยให้ผ่อนคลายหน่อย,calming
เครียดจนใจเต้นแรง,calming
ตอนนี้สติหลุดมาก,calming
ช่วยดึงสติหน่อย,calming
กำลังวิตกมากๆ,calming
รู้สึกเหมือนจะระเบิดอารมณ์,calming
ช่วยให้เราหยุดคิดหน่อย,calming
ใจไม่สงบเลยตอนนี้,calming
ช่วยให้หายกังวลหน่อย,calming
กำลังหายใจแรงมาก,calming
ช่วยพาเรากลับมาสงบที,calming
สมองคิดวนไม่หยุด,calming
ตอนนี้เครียดจนตัวสั่น,calming
ช่วยให้เราตั้งสติได้ไหม,calming
รู้สึกอึดอัดมาก,calming
ช่วยให้ใจนิ่งหน่อย,calming
ตอนนี้ควบคุมอารมณ์ยากมาก,calming
อยากหยุดความฟุ้งซ่าน,calming
ช่วยให้ผ่อนคลายหน่อยได้ไหม,calming
กำลังตื่นตระหนกมาก,calming
ช่วยให้เราหายแพนิคที,calming
ใจเต้นแรงจนกลัว,calming
ช่วยให้เรากลับมาหายใจปกติหน่อย,calming
มือสั่นไปหมดเวลาตื่นเต้น,calming
รู้สึกวิงเวียนหัวเวลากังวลมาก,calming
หัวใจเต้นเร็วผิดปกติตอนนี้,calming
รู้สึกเหมือนอากาศไม่พอหายใจ,calming
ตัวเกร็งไปหมดตอนนี้,calming
รู้สึกเหมือนโลกหมุนตอนนี้,calming
ท้องปั่นป่วนเวลาวิตกกังวล,calming
เหงื่อแตกทั้งที่ไม่ได้ร้อน,calming
ใจเต้นแรงจนได้ยินเสียงตัวเอง,calming
รู้สึกชาที่มือเวลาตื่นตระหนก,calming

อยากได้ข้อมูลหรือความรู้,information
โรคซึมเศร้าคืออะไร,information
อาการแพนิคเป็นยังไง,information
ความเครียดส่งผลยังไงบ้าง,information
วิธีดูแลสุขภาพจิตมีอะไรบ้าง,information
แบบประเมิน 9Q คืออะไร,information
ทำไมถึงนอนไม่หลับเวลาเครียด,information
ภาวะหมดไฟคืออะไร,information
อาการวิตกกังวลมีอะไรบ้าง,information
ควรพบจิตแพทย์เมื่อไหร่,information
จิตวิทยาคืออะไร,information
วิธีลดความเครียดมีอะไรบ้าง,information
อาการซึมเศร้าแตกต่างจากเศร้ายังไง,information
การบำบัดคืออะไร,information
โรคแพนิครักษาได้ไหม,information
สุขภาพจิตสำคัญยังไง,information
อาการ burnout เป็นแบบไหน,information
มีวิธีฝึกใจให้สงบไหม,information
วิธีจัดการอารมณ์โกรธทำยังไง,information
ความวิตกกังวลรักษาได้ไหม,information
จิตแพทย์กับนักจิตวิทยาต่างกันยังไง,information
มีวิธีนอนหลับง่ายๆไหม,information
การดูแลตัวเองทางใจทำยังไง,information
ความเครียดสะสมอันตรายไหม,information
ร้องไห้บ่อยผิดปกติไหม,information
อาการทางจิตมีอะไรบ้าง,information
วิธีฮีลใจตัวเองมีอะไรบ้าง,information
การฝึกหายใจช่วยได้จริงไหม,information
อาการเหนื่อยใจเกิดจากอะไร,information
สุขภาพจิตแย่ควรทำยังไง,information

อยากขอความช่วยเหลือฉุกเฉิน,crisis_support
ช่วยเราที ตอนนี้ไม่ไหวแล้ว,crisis_support
กลัวว่าจะทำร้ายตัวเอง,crisis_support
ตอนนี้ควบคุมตัวเองไม่ได้,crisis_support
อยากมีคนช่วยด่วน,crisis_support
ไม่ปลอดภัยกับตัวเองเลยตอนนี้,crisis_support
กำลังคิดทำร้ายตัวเอง,crisis_support
ช่วยหาคนช่วยเราที,crisis_support
ตอนนี้อยู่คนเดียวและกลัวมาก,crisis_support
อยากคุยกับผู้เชี่ยวชาญด่วน,crisis_support
ช่วยเราเดี๋ยวนี้ได้ไหม,crisis_support
ตอนนี้ใจไม่ไหวจริงๆ,crisis_support
รู้สึกอันตรายกับตัวเอง,crisis_support
กำลังร้องไห้หนักมาก,crisis_support
ช่วยให้เราปลอดภัยหน่อย,crisis_support
ไม่อยากอยู่คนเดียวตอนนี้,crisis_support
กำลังจะทำร้ายตัวเอง,crisis_support
ช่วยติดต่อสายด่วนให้หน่อย,crisis_support
รู้สึกควบคุมความคิดไม่ได้แล้ว,crisis_support
ตอนนี้อาการหนักมาก,crisis_support
อยากให้ใครสักคนช่วยเรา,crisis_support
ช่วยหยุดความคิดนี้ที,crisis_support
ตอนนี้ต้องการความช่วยเหลือมาก,crisis_support
รู้สึกไม่ปลอดภัยเลย,crisis_support
อยากให้มีคนอยู่ด้วยตอนนี้,crisis_support
ช่วยเราให้ผ่านคืนนี้ไปได้ไหม,crisis_support
ตอนนี้อยู่ในสถานการณ์อันตรายจริงๆ,crisis_support
กลัวว่าจะเกิดอะไรขึ้นกับตัวเองคืนนี้,crisis_support
ต้องการคนช่วยด่วนก่อนจะทำอะไรลงไป,crisis_support
ไม่มั่นใจว่าจะปลอดภัยถ้าอยู่คนเดียวตอนนี้,crisis_support
ขอเบอร์ติดต่อฉุกเฉินหน่อยตอนนี้เลย,crisis_support
กลัวว่าตัวเองจะทำร้ายตัวเองถ้าไม่มีใครช่วย,crisis_support
สถานการณ์ตอนนี้เสี่ยงมากต้องการความช่วยเหลือทันที,crisis_support
อยากให้มีคนมาอยู่ด้วยเพราะกลัวตัวเองตอนนี้,crisis_support
ต้องการแจ้งเหตุฉุกเฉินเกี่ยวกับความปลอดภัยของตัวเอง,crisis_support
รู้สึกไม่ปลอดภัยกับความคิดตัวเองอย่างมากตอนนี้,crisis_support